"node_id","MCC","Degree","Closeness","Betweenness","Avg_Rank"
"CDK1",0.2,59,0.345843,0.217162,2
"H2AX",0.2,44,0.311979,0.047166,6.25
"PLK1",0.1,47,0.315097,0.058243,8.5
"PCNA",0.1,43,0.309401,0.08585,9.5
"H2BC11",0.2,43,0.298902,0.030236,12.25
"BUB1B",0.2,38,0.305768,0.02735,13.25
"AURKB",0.1,32,0.306551,0.058066,14.5
"CCNB1",0.1,39,0.310041,0.032735,14.75
"CDC20",0.1,33,0.316429,0.033067,16.5
"BRCA2",0.1,39,0.29965,0.025283,19
"H2BC9",0.2,38,0.298902,0.01983,19
"EZH2",0.1,28,0.303907,0.033002,21
"RAD51",0.1,36,0.295511,0.031363,21.25
"CCNA2",0.1,31,0.308763,0.02264,23
"H2BC15",0.2,38,0.29248,0.018491,24.25
"SOX2",0.1,21,0.29801,0.046708,26
"KIF20A",0.1,27,0.285374,0.042549,27.75
"CENPA",0.2,37,0.280957,0.019953,29.5
"H4C14",0.3,40,0.285374,0.013363,33.25
"AURKA",0.1,21,0.293627,0.020849,34.75
"CCNB2",0.1,27,0.298158,0.015861,34.75
"MCM4",0.2,32,0.293771,0.012029,36.75
"UBE2C",0.1,23,0.301459,0.015547,36.75
"MCM2",0.2,36,0.283483,0.013983,37
"H2BC17",0.2,37,0.292195,0.011824,37.25
"KIF11",0.1,21,0.285919,0.020546,38.5
"MCM7",0.2,28,0.283349,0.013604,40.5
"DNMT1",0.1,21,0.285374,0.019111,41.25
"POLE2",0.1,27,0.285919,0.014912,41.75
"H3C2",0.1,28,0.28729,0.012508,44
"BARD1",0.1,32,0.284831,0.012488,45
"H2AZ1",0.1,32,0.288258,0.010267,45.75
"H3C10",0.1,27,0.28729,0.012004,46.75
"UBE2S",0.1,20,0.300703,0.0121,47.75
"CDC6",0.1,22,0.28551,0.013402,48.5
"E2F1",0,19,0.295074,0.048778,49
"CCNE1",0,17,0.297714,0.099343,49.25
"H4C12",0.3,38,0.280957,0.007474,49.75
"H4C5",0.3,38,0.280957,0.007474,49.75
"H4C8",0.3,38,0.280957,0.007474,49.75
"CDT1",0.1,23,0.29191,0.010406,50.5
"BUB1",0.1,22,0.291059,0.010229,52.5
"H3C6",0.1,25,0.286877,0.00966,52.75
"DNMT3B",0.1,18,0.268129,0.028707,53.5
"FANCD2",0.1,25,0.280299,0.011713,54.75
"ORC1",0.1,24,0.294783,0.007542,54.75
"CDC45",0.2,28,0.276802,0.008373,56.25
"MCM6",0.2,29,0.282814,0.005839,62
"KIF23",0.1,23,0.270307,0.011914,62.75
"MCM3",0.2,32,0.279384,0.005786,64.25
"EHMT2",0,17,0.273891,0.056151,64.5
"KAT2A",0,15,0.279907,0.050065,65
"ORC6",0.1,18,0.277058,0.011459,65.25
"RECQL4",0.1,18,0.26765,0.015433,65.5
"TOP2A",0,14,0.29406,0.019916,67.75
"CDKN2A",0,15,0.280299,0.028967,68.75
"CDCA8",0,15,0.287842,0.01885,69.25
"MCM5",0.2,30,0.275276,0.005222,70.25
"BIRC5",0.1,19,0.295949,0.004691,71.75
"KIF2C",0.1,23,0.269213,0.007509,72
"WDHD1",0.1,20,0.266934,0.009238,76
"UHRF1",0.1,19,0.279645,0.006482,77.5
"FOXM1",0,14,0.282414,0.017459,77.75
"POLD1",0.1,24,0.273266,0.005316,78.25
"AGO2",0,15,0.268249,0.020994,81
"MSH2",0,17,0.286055,0.009936,81.75
"EXO1",0.1,17,0.282148,0.004549,82.5
"ACTN2",0,9,0.272893,0.094511,83.75
"CCT3",0,12,0.26861,0.027175,86.25
"H2AC13",0.1,21,0.270551,0.003704,88.25
"MAD2L1",0,15,0.282148,0.009502,89.75
"CUL7",0,15,0.264226,0.017505,90
"CBX2",0.1,22,0.278994,0.003337,91.5
"CLSPN",0.2,24,0.276164,0.002397,91.75
"DNMT3A",0.1,17,0.26765,0.005506,92.5
"NDC80",0.1,17,0.26861,0.004189,93.5
"PLK4",0,9,0.272645,0.019657,95.5
"RACGAP1",0,13,0.285374,0.008134,96
"MAPT",0,8,0.266459,0.039197,96.75
"CALML6",0,14,0.24701,0.102833,97.75
"ZWINT",0,14,0.254244,0.021364,98.25
"LMNB1",0,7,0.275529,0.023256,99
"KIF14",0.1,18,0.260889,0.004161,100.75
"CENPI",0.1,20,0.260661,0.003696,100.75
"CCNE2",0,12,0.288675,0.006841,101.25
"MCM8",0.1,19,0.280168,0.002086,103
"RFC4",0.1,21,0.267053,0.003077,103
"FANCA",0,14,0.271286,0.007599,104
"KLC2",0.1,14,0.246299,0.011012,105.25
"DNA2",0.1,21,0.267769,0.002229,107
"MCM10",0.1,21,0.264109,0.002517,107
"FANCI",0.1,17,0.256971,0.00417,107.5
"BRIP1",0.1,21,0.270185,0.001715,108.25
"H2BC18",0.1,19,0.267172,0.002395,109.75
"CENPF",0,16,0.268369,0.0057,111.75
"CBX8",0.1,18,0.276802,0.001229,112
"POU5F1",0,13,0.260322,0.008903,115
"H2BC8",0.2,26,0.254785,0.001897,115.25
"BLM",0.1,21,0.260435,0.001999,116.75
"RFC3",0.1,20,0.263993,0.001646,117.25
"DTL",0,13,0.255655,0.010265,117.75
"CDC7",0.1,15,0.25446,0.00349,118
"H2BC6",0.2,25,0.254569,0.00153,118.75
"CDC25A",0,8,0.272273,0.007787,119.75
"ECT2",0,9,0.281882,0.005233,120.25
"KPNA2",0,8,0.252317,0.018569,121.5
"TCF3",0,7,0.255002,0.018733,122.75
"CENPU",0.1,18,0.258078,0.002063,123.5
"RBL1",0,10,0.257524,0.008302,126.25
"ANXA2",0,6,0.25,0.037078,126.5
"PLOD3",0,11,0.23074,0.044696,127
"GMNN",0,10,0.273017,0.003738,128
"KCNJ6",0,6,0.24459,0.049134,131.25
"NCAPG2",0,10,0.26123,0.006256,131.5
"IGF2BP2",0,7,0.249791,0.016382,132
"H2AC11",0.1,15,0.263644,0.000876,132.75
"CHEK1",0,13,0.263993,0.003404,133.25
"HJURP",0.1,17,0.248754,0.002153,134.75
"TERT",0,11,0.240659,0.013003,135.25
"NOTCH3",0,7,0.236665,0.047179,135.75
"SFN",0,8,0.268249,0.00441,135.75
"SMC1B",0,10,0.252211,0.007389,137.25
"KIFC1",0.1,14,0.247316,0.002776,137.75
"TPM2",0,8,0.225357,0.034825,141.5
"CENPE",0,14,0.265044,0.002042,144
"CKS1B",0,13,0.278734,0.001024,144.5
"DIAPH3",0,5,0.25987,0.010995,145.75
"CDC25C",0,9,0.276674,0.002164,146
"FEN1",0,12,0.260209,0.003286,146.5
"DET1",0,11,0.243101,0.007348,146.75
"ANLN",0,7,0.239792,0.015532,147
"IGF2BP3",0,7,0.24008,0.014898,147.5
"TACC3",0,5,0.251258,0.015523,147.5
"CKS2",0,12,0.278475,0.000984,148
"MYCN",0,4,0.26295,0.012043,148.75
"INCENP",0,8,0.257856,0.003755,148.75
"DMC1",0,9,0.258524,0.00339,149.5
"GINS3",0.1,16,0.258747,1e-04,149.5
"CENPH",0.1,18,0.24479,0.000723,149.75
"RPL30",0,10,0.228364,0.012925,150
"KIF21B",0.1,14,0.24469,0.001323,151.75
"GNG4",0,11,0.207052,0.033852,152.25
"GINS4",0.1,16,0.254785,8.1e-05,154.5
"DSN1",0,10,0.255764,0.003156,155.75
"LIG1",0,8,0.263297,0.002556,156.5
"ASF1B",0,14,0.257524,0.001162,157.25
"PKN1",0,8,0.25253,0.003551,157.5
"GINS2",0.1,15,0.256971,4.6e-05,158
"TRAIP",0,3,0.254244,0.017809,158
"E2F5",0,9,0.257634,0.002421,160
"SKA1",0,8,0.258636,0.002746,160.25
"SKA3",0,8,0.258636,0.002746,160.25
"EGF",0,8,0.206267,0.034504,161
"GRIN2A",0,7,0.225697,0.014673,161.25
"SPAG5",0,5,0.268489,0.003402,162.25
"ASPM",0,6,0.260209,0.003456,162.5
"KIF15",0.1,14,0.243595,0.000389,163.25
"IGF2BP1",0,5,0.246807,0.009333,164.5
"TUBB4A",0,8,0.239888,0.006238,165
"RHOF",0,5,0.228104,0.020757,166
"GABBR2",0,9,0.205559,0.019335,166.25
"RRM2",0,7,0.276802,0.000646,167.75
"GINS1",0.1,14,0.252423,5e-06,168.5
"IGF2",0,5,0.221196,0.028114,168.75
"KIF18A",0.1,14,0.24459,0.000125,169.25
"CDC20B",0,12,0.263181,0.000246,169.25
"FLNC",0,5,0.223758,0.020154,170
"NUF2",0,11,0.252317,0.001306,171.25
"SCML2",0,8,0.266815,0.000591,171.5
"CHTF18",0,8,0.253814,0.002143,171.5
"RAD51AP1",0,13,0.255764,0.000312,171.75
"TONSL",0,11,0.258859,0.00041,171.75
"CDH8",0,6,0.214695,0.018528,172.75
"HDAC11",0,9,0.261915,0.000414,173.75
"LEF1",0,6,0.237604,0.007338,174
"PDGFA",0,7,0.201819,0.023627,175
"MDFI",0,6,0.209002,0.027188,175.5
"CENPM",0.1,16,0.23704,6.2e-05,177.5
"CENPL",0.1,16,0.23704,6.2e-05,177.5
"CENPW",0.1,16,0.23704,6.2e-05,177.5
"CENPO",0.1,16,0.23704,6.2e-05,177.5
"CENPK",0.1,16,0.23704,6.2e-05,177.5
"COL4A1",0,8,0.205278,0.012365,181
"RMI2",0,14,0.248857,0.000154,181.75
"PPP2R2C",0,7,0.222263,0.007215,181.75
"COL4A2",0,8,0.197755,0.017905,182.5
"HMGA1",0,4,0.275402,0.001664,182.75
"CACNG4",0,8,0.192234,0.019764,183.25
"FANCG",0,13,0.243694,0.000634,183.25
"GRIN2C",0,5,0.225527,0.010915,183.75
"KIF22",0.1,13,0.243298,0,184
"KIFC2",0.1,13,0.243298,0,184
"KIF5A",0.1,13,0.243298,0,184
"KIF18B",0.1,13,0.243298,0,184
"SPP1",0,7,0.193351,0.022696,184.5
"PKM",0,5,0.224513,0.010088,186
"BCL9",0,7,0.233165,0.00363,186.25
"PKMYT1",0,7,0.271532,4e-05,187
"POLA2",0,10,0.252743,0.000129,187.5
"PRIM1",0,10,0.252743,0.000129,187.5
"PRIM2",0,10,0.252743,0.000129,187.5
"COL9A1",0,9,0.204507,0.007895,188
"RAB6B",0,4,0.223507,0.013518,188.75
"LIN9",0,7,0.225357,0.004374,189.25
"FANCE",0,12,0.23592,0.001415,189.75
"RAD54L",0,3,0.265986,0.00327,189.75
"DLGAP5",0,7,0.254677,0.000483,190.25
"LIN37",0,7,0.238455,0.002666,192
"XRCC3",0,12,0.248033,7.9e-05,193
"MAPK11",0,4,0.212638,0.01828,193.25
"RAD54B",0,3,0.236106,0.009983,194.75
"POLN",0,8,0.243397,0.000769,195
"TRAF2",0,5,0.205489,0.015342,196
"CDC25B",0,6,0.261116,0.000157,196.25
"NSD2",0,11,0.249064,2.1e-05,197.25
"RHNO1",0,10,0.247214,9e-05,197.25
"RPS10",0,5,0.243298,0.002973,198.5
"S100A1",0,5,0.201548,0.015956,199.5
"MYH4",0,3,0.215235,0.016605,200
"COL7A1",0,7,0.201007,0.008586,200
"SNRPB",0,7,0.210471,0.006568,200.25
"L3MBTL1",0,7,0.249272,0.000238,200.5
"CEP55",0,4,0.249479,0.00241,201.75
"STX1A",0,9,0.169113,0.020639,202.5
"OIP5",0,11,0.229063,0.000679,203.75
"TP73",0,4,0.236385,0.003938,204
"CCNO",0,5,0.267889,5.4e-05,204.25
"WDR76",0,5,0.221278,0.005688,204.5
"SPDL1",0,7,0.257082,0,205.5
"XRCC2",0,10,0.246401,0,206.25
"CDCA5",0,5,0.26861,0,207.25
"MELK",0,6,0.252423,0.000141,207.25
"MCMDC2",0,9,0.24701,5e-06,207.5
"PDGFRB",0,3,0.221524,0.009585,207.75
"ATAD2",0,5,0.222925,0.003924,207.75
"PYGO2",0,6,0.238741,0.001424,208.25
"LHX4",0,4,0.218533,0.007064,208.75
"ERCC6L",0,4,0.247725,0.002009,209.25
"PDLIM7",0,5,0.193601,0.014639,209.25
"UBE2T",0,8,0.232081,0.000671,209.75
"PHF19",0,7,0.252849,0,210
"CTNNA2",0,8,0.190947,0.006768,210.5
"ITGA2",0,7,0.196393,0.007061,211
"UCHL1",0,3,0.262489,0.000742,211.25
"COL8A1",0,9,0.199136,0.003657,211.5
"UNC13A",0,3,0.199467,0.021738,212.25
"CDK5RAP3",0,2,0.220789,0.017035,212.5
"TPX2",0,6,0.24251,0.000466,213
"TTK",0,4,0.24793,0.001268,213.75
"NEK2",0,6,0.251258,6e-05,214.5
"WNT3A",0,6,0.175351,0.017216,215.5
"MAPK8IP2",0,4,0.205842,0.00875,216
"SCN4A",0,3,0.205983,0.012946,216.25
"MMS22L",0,7,0.236292,0.000304,216.5
"PPP2R3B",0,4,0.225188,0.003554,216.5
"CCNF",0,4,0.263877,1.9e-05,218.75
"PRC1",0,5,0.248136,0.000172,219.25
"FAM83D",0,3,0.261801,0.00022,220
"USP21",0,4,0.240852,0.001629,220.25
"CNIH2",0,5,0.197429,0.008149,220.5
"KCNJ11",0,3,0.234994,0.003339,220.5
"NEIL3",0,6,0.249168,0,221.25
"FAAP24",0,10,0.230385,1.4e-05,222
"FANCB",0,10,0.230385,1.4e-05,222
"HMGA2",0,4,0.24459,0.000774,222
"TICRR",0,4,0.221934,0.003339,222.25
"CHAF1A",0,4,0.252104,0.000228,222.25
"CHAF1B",0,4,0.252104,0.000228,222.25
"PTTG1",0,5,0.254244,8e-06,222.25
"PBK",0,3,0.272397,0,222.75
"COCH",0,3,0.211511,0.00781,223.75
"HMMR",0,4,0.248342,0.000281,223.75
"SGO2",0,4,0.241046,0.001087,224.25
"MSX1",0,3,0.223008,0.00375,225.5
"PLEKHG2",0,4,0.259983,0,225.75
"TK1",0,3,0.265514,2.4e-05,225.75
"KIF4A",0,4,0.245693,0.00031,226.5
"NRCAM",0,6,0.172077,0.01287,226.75
"MYBL2",0,5,0.238931,0.000278,228.25
"CEP152",0,4,0.214618,0.003339,228.5
"GRIK4",0,5,0.196522,0.006257,230
"LAMC1",0,7,0.179503,0.005933,230.25
"AP1M2",0,5,0.173322,0.014441,230.25
"BFSP1",0,2,0.204577,0.0157,230.75
"ITGA6",0,6,0.189437,0.005011,231.5
"EME1",0,8,0.229326,0,231.75
"EME2",0,8,0.229326,0,231.75
"PFN4",0,3,0.217029,0.003502,233.25
"HSPB1",0,3,0.216558,0.003478,234
"CDK5R1",0,3,0.184762,0.014135,235.75
"EPHB2",0,6,0.156724,0.013826,236
"MKI67",0,4,0.240273,0.000224,237
"PLXNA1",0,7,0.164245,0.007541,237.5
"VPS72",0,4,0.234626,0.000491,238.75
"E2F2",0,4,0.248445,0,238.75
"MSH5",0,4,0.242608,0.000104,238.75
"G6PD",0,2,0.242314,0.002325,239.25
"RPL36A",0,5,0.216012,0.001087,239.5
"SPC25",0,6,0.233346,0,240.75
"SPC24",0,6,0.233346,0,240.75
"POLG2",0,6,0.232621,0,241.75
"CBFA2T2",0,2,0.213243,0.006673,242.25
"SNRPE",0,6,0.198673,0.002274,242.5
"E2F7",0,2,0.228104,0.003339,243
"SLCO6A1",0,3,0.24008,0.000296,243.5
"NCAPH",0,5,0.215934,0.000711,244
"FAM133A",0,2,0.226551,0.003339,244
"COL15A1",0,8,0.19782,0.000787,244
"OTX1",0,3,0.179988,0.011979,245.25
"COL2A1",0,5,0.201819,0.002214,246.25
"PFDN6",0,4,0.224177,0.00058,246.25
"PAX6",0,3,0.24163,0.000126,247.5
"ATAD5",0,4,0.241727,0,247.75
"DSCC1",0,4,0.241727,0,247.75
"USP49",0,5,0.235086,0,248
"ERC2",0,3,0.199003,0.004711,248.25
"SHCBP1",0,3,0.241435,0.000121,248.5
"JAG2",0,3,0.191741,0.006667,248.75
"DDX39A",0,2,0.230651,0.002451,249.25
"RIBC2",0,3,0.191313,0.006667,249.5
"GNAL",0,5,0.172225,0.006672,249.75
"GPC3",0,3,0.18522,0.007421,250.25
"TRIP13",0,3,0.246299,0,251
"HELLS",0,3,0.218613,0.00131,252.75
"CDCA2",0,2,0.239696,0.001025,253.5
"COMP",0,4,0.161238,0.012348,253.75
"RHO",0,2,0.204297,0.006585,254.25
"PDZK1IP1",0,2,0.201819,0.006667,254.5
"SGO1",0,3,0.243199,0,255.5
"DNM3",0,2,0.193101,0.008742,255.75
"SERPINH1",0,9,0.176957,0.00115,255.75
"GABRG2",0,7,0.178168,0.00209,256.5
"GABRQ",0,7,0.178168,0.00209,256.5
"UBD",0,2,0.221033,0.002857,256.5
"CHML",0,3,0.182957,0.006672,256.75
"NAA10",0,2,0.214235,0.003339,257.25
"DCAF13",0,6,0.214542,0,257.5
"DCAF4L2",0,6,0.214542,0,257.5
"DCAF4L1",0,6,0.214542,0,257.5
"DCAF8L1",0,6,0.214542,0,257.5
"DCAF8L2",0,6,0.214542,0,257.5
"MYO1A",0,2,0.202365,0.005818,258
"BANF2",0,2,0.235641,0.001085,258.25
"PSMD4",0,3,0.195624,0.003471,258.75
"MAPK12",0,3,0.178486,0.006667,260
"BAIAP2L2",0,2,0.190159,0.008377,260
"ENAH",0,2,0.201819,0.005095,260.25
"KCNQ3",0,2,0.199534,0.006412,260.5
"ARID3A",0,2,0.24459,0.000111,261
"PLXNA3",0,6,0.159478,0.004398,261.75
"PCLAF",0,2,0.247214,3e-05,262.75
"CDX2",0,3,0.231811,1.8e-05,265
"FOXK1",0,2,0.204997,0.003339,266
"DYNC1I1",0,3,0.204646,0.00157,266.25
"SOX11",0,4,0.222346,0,266.75
"DKK1",0,3,0.173121,0.006667,267
"COL22A1",0,6,0.19588,0.000206,267.25
"BFSP2",0,2,0.173372,0.012741,267.5
"SORT1",0,4,0.15355,0.007404,268.5
"SIX1",0,2,0.177481,0.009983,268.5
"TYMS",0,2,0.24519,0,268.75
"APC2",0,6,0.179073,0.001137,269
"RPL10L",0,4,0.214465,7.6e-05,269.25
"DDX11",0,3,0.224093,5.1e-05,269.5
"ESCO2",0,2,0.238171,0.000115,269.75
"NRG2",0,3,0.175711,0.004533,270.25
"S100A10",0,2,0.200201,0.003339,271.5
"GNAZ",0,5,0.174128,0.002316,272.75
"RASGRF2",0,3,0.218215,7e-05,273.25
"BMP7",0,3,0.165333,0.006672,273.25
"CACNB4",0,4,0.162595,0.004408,274
"TRPC6",0,2,0.198279,0.003339,274.25
"SPINDOC",0,3,0.223591,0,274.75
"CDKN3",0,1,0.257082,0,276.5
"LZTS1",0,1,0.257082,0,276.5
"ISL2",0,3,0.198476,0.001151,276.75
"FGF13",0,3,0.18522,0.002354,278.75
"TUBA3C",0,3,0.218533,0,279.5
"ROBO1",0,3,0.171781,0.003547,281.25
"NCAPG",0,4,0.210249,2e-06,281.5
"NCAPD2",0,4,0.210249,2e-06,281.5
"RNF31",0,3,0.183573,0.002329,282
"SASS6",0,3,0.214542,0,283
"THBS4",0,2,0.172622,0.006934,283
"STIL",0,3,0.214542,0,283
"LAMA4",0,5,0.171879,0.001524,283.5
"MDK",0,3,0.163572,0.003725,285.5
"YEATS2",0,2,0.220059,0.000122,286.25
"KNTC1",0,2,0.227757,1.7e-05,286.25
"ACTG2",0,2,0.184081,0.003339,286.75
"STMN1",0,2,0.184081,0.003339,286.75
"MCAM",0,2,0.190886,0.002508,290.25
"EEF1A2",0,2,0.211139,0.000383,290.5
"DBN1",0,2,0.203672,0.000772,291.25
"DDX39B",0,3,0.192605,0.000251,292.5
"DUSP9",0,2,0.175505,0.003339,295
"CDKN2C",0,2,0.219093,0,295.75
"CDKN2B",0,2,0.219093,0,295.75
"KCNJ5",0,3,0.201819,0,297
"POLQ",0,2,0.217581,0,297.25
"SPATC1",0,1,0.240466,0,297.25
"EBF2",0,2,0.15092,0.006667,298.75
"FBXO43",0,1,0.239696,0,298.75
"GTSE1",0,1,0.239696,0,298.75
"ARHGAP39",0,2,0.187246,0.001766,299
"GABRA3",0,6,0.173875,0,299.5
"GABRE",0,6,0.173875,0,299.5
"GABRD",0,6,0.173875,0,299.5
"GABRR3",0,6,0.173875,0,299.5
"RASGRF1",0,2,0.214542,0,300
"TNFRSF4",0,3,0.170655,0.001718,300.75
"CDH9",0,5,0.178486,0,302
"CDH13",0,5,0.178486,0,302
"CDH24",0,5,0.178486,0,302
"REXO5",0,1,0.236385,0,302.25
"PIF1",0,1,0.236385,0,302.25
"SMG5",0,3,0.19841,0,302.25
"PSMC3IP",0,1,0.236385,0,302.25
"DMBT1",0,2,0.16807,0.003339,303.25
"NR6A1",0,2,0.212411,0,303.25
"OTUB2",0,2,0.190038,0.001072,303.5
"PYGB",0,2,0.167881,0.003339,303.5
"TSEN54",0,2,0.211661,0,304.5
"RPP21",0,2,0.211661,0,304.5
"PPFIA4",0,3,0.167318,0.00155,304.5
"NQO1",0,2,0.193039,0.000573,305
"PPP1R1B",0,1,0.233165,0,305.5
"LOXL2",0,2,0.165241,0.003339,305.5
"TRIM54",0,2,0.187657,0.000798,306.25
"HSF2BP",0,1,0.230651,0,307
"ARTN",0,2,0.162331,0.003339,307
"NKD1",0,3,0.191803,0,307.75
"BGLAP",0,2,0.162155,0.003339,307.75
"PPP4R3C",0,3,0.191803,0,307.75
"MYEF2",0,1,0.229678,0,308
"POU3F2",0,1,0.229678,0,308
"TRAF5",0,3,0.175608,0.000258,308.25
"PYCR1",0,2,0.161022,0.003339,309.25
"BEND3",0,2,0.205137,1.3e-05,309.25
"TUBG1",0,1,0.22819,0,309.5
"FIGNL1",0,1,0.22819,0,309.5
"FBXO32",0,1,0.227324,0,310.75
"LAMA3",0,5,0.166112,4.1e-05,311.25
"SCRIB",0,2,0.151569,0.003339,312.75
"ADAM23",0,2,0.162199,0.003259,313.75
"DLX5",0,2,0.149302,0.003339,313.75
"HOXA11",0,1,0.222181,0,315
"TNNC1",0,3,0.184081,0,315
"TNNT1",0,3,0.184081,0,315
"NEB",0,3,0.184081,0,315
"NME1",0,2,0.187715,0.000226,315
"COL24A1",0,2,0.187657,0.000206,316
"PRRX1",0,1,0.220302,0,316.75
"DEPDC1",0,1,0.220302,0,316.75
"BEX2",0,2,0.200134,0,317
"VWF",0,2,0.174839,0.000882,318.5
"TNFRSF18",0,2,0.170607,0.001615,319.25
"TMEM201",0,1,0.216089,0,319.75
"LMNB2",0,1,0.216089,0,319.75
"PRDM12",0,1,0.215081,0,321
"ACAN",0,2,0.138947,0.003339,321.5
"HOXC9",0,1,0.214542,0,321.75
"MYBL1",0,2,0.192728,0,323.75
"EBF3",0,2,0.131216,0.003339,324
"SF3B4",0,3,0.174027,0,324.5
"SCNM1",0,3,0.174027,0,324.5
"MSTO1",0,1,0.21181,0,325.25
"FBXW10",0,1,0.21181,0,325.25
"TTLL3",0,1,0.21181,0,325.25
"DLL4",0,2,0.191619,0,325.5
"SPAG4",0,1,0.211736,0,326
"LGI3",0,2,0.15054,0.0021,326.25
"FBF1",0,1,0.211661,0,326.25
"CACYBP",0,2,0.172672,0.000443,326.5
"CDCA7",0,1,0.211586,0,327
"TBKBP1",0,1,0.211586,0,327
"MEX3A",0,1,0.211586,0,327
"TRIM71",0,1,0.211586,0,327
"BICD1",0,2,0.189437,0,327.5
"ADCY6",0,3,0.172126,0,327.75
"MAFG",0,1,0.211511,0,328
"SEMA3F",0,3,0.149079,0.000251,328.5
"LRRC1",0,1,0.211213,0,328.5
"MAP2",0,1,0.210471,0,329
"PACSIN1",0,1,0.210471,0,329
"NR0B1",0,2,0.186025,0,329.25
"WDR62",0,1,0.206552,0,330.75
"LHX3",0,2,0.184251,0,331.5
"KCTD17",0,1,0.205489,0,332
"RGS20",0,2,0.160246,0.001024,332.25
"LAMB4",0,3,0.16447,0,334
"EBF1",0,1,0.203258,0,334.5
"MESP2",0,1,0.203258,0,334.5
"TAL2",0,1,0.203258,0,334.5
"DBF4B",0,1,0.202913,0,335.25
"CACNA1E",0,3,0.161717,0,336.75
"CATSPER2",0,3,0.161717,0,336.75
"PKN3",0,1,0.201684,0,337
"KLK4",0,1,0.201548,0,337.25
"KPNA7",0,1,0.201548,0,337.25
"NSMCE2",0,1,0.20148,0,338
"ANXA2R",0,1,0.200067,0,339
"ESM1",0,1,0.199933,0,339.25
"FGF12",0,2,0.175146,0,340.75
"CNR1",0,1,0.198148,0,341.5
"DAPK2",0,1,0.198148,0,341.5
"STRA6",0,1,0.198148,0,341.5
"PLA2G6",0,1,0.198148,0,341.5
"GPC2",0,2,0.159648,0.000179,344
"IQGAP3",0,1,0.193475,0,344.5
"ADRA2C",0,2,0.171978,0,345.25
"TEAD2",0,1,0.192049,0,346.25
"DLK1",0,1,0.191435,0,347.5
"ABCB5",0,1,0.19034,0,348.5
"EFNA3",0,3,0.135582,0,350.5
"EPHA10",0,3,0.135582,0,350.5
"C1QTNF6",0,1,0.187539,0,350.5
"EFNA4",0,3,0.135582,0,350.5
"RPL22L1",0,1,0.185967,0,351.25
"NOL12",0,1,0.185967,0,351.25
"BOP1",0,1,0.185967,0,351.25
"E2F8",0,1,0.185794,0,352
"C1orf35",0,1,0.184762,0,352.75
"MPP3",0,1,0.184194,0,353.5
"MNS1",0,2,0.160676,0,354.75
"CFAP53",0,2,0.160676,0,354.75
"TESMIN",0,1,0.183968,0,355
"CD109",0,1,0.183405,0,355.5
"FBLIM1",0,1,0.182901,0,356
"OSR2",0,1,0.1824,0,356.25
"CDCA4",0,1,0.181901,0,356.5
"MTBP",0,1,0.18168,0,356.75
"EPPK1",0,1,0.181241,0,357
"SSX1",0,1,0.179395,0,357.75
"FHDC1",0,1,0.17838,0,359.25
"NES",0,1,0.178062,0,360
"MYO18B",0,1,0.177167,0,360.5
"DKK4",0,2,0.147646,0,360.75
"KREMEN2",0,2,0.147646,0,360.75
"CEP131",0,1,0.176748,0,361
"NAA11",0,1,0.176488,0,361.25
"TNFSF4",0,2,0.145884,3e-06,361.75
"SYN3",0,2,0.144756,0,362.75
"CPLX2",0,2,0.144721,0,363
"VAMP1",0,2,0.144721,0,363
"PLXNC1",0,2,0.14114,0,365.5
"SEMA6C",0,2,0.14114,0,365.5
"APLN",0,1,0.172921,0,365.5
"SEMA5B",0,2,0.14114,0,365.5
"F2RL3",0,1,0.171584,0,367.75
"PLCB1",0,1,0.171584,0,367.75
"GLP1R",0,1,0.171584,0,367.75
"BDKRB1",0,1,0.171045,0,368.5
"LOX",0,1,0.171045,0,368.5
"TTLL4",0,1,0.170753,0,369
"ANKRD52",0,1,0.17017,0,369.75
"S100P",0,1,0.167787,0,370.75
"S100A3",0,1,0.167787,0,370.75
"HTR1D",0,1,0.166852,0,371.5
"RNF24",0,1,0.165515,0,372
"NUPR1",0,1,0.163661,0,373.25
"TBX4",0,1,0.162243,0,374.25
"IBSP",0,1,0.162067,0,375
"IRAK1",0,1,0.162067,0,375
"SAPCD1",0,1,0.160375,0,377
"JPT1",0,1,0.155504,0,378.25
"ACTL8",0,1,0.155504,0,378.25
"RAB24",0,1,0.1547,0,378.75
"RAB3B",0,1,0.1547,0,378.75
"DRP2",0,1,0.152224,0,379.5
"PPEF1",0,1,0.149339,0,380.5
"FZD10",0,1,0.149228,0,381
"SFRP4",0,1,0.149228,0,381
"PTK7",0,1,0.149228,0,381
"CLVS1",0,1,0.147755,0,382
"AP5Z1",0,1,0.147755,0,382
"OR51E1",0,1,0.146958,0,383
"OR51E2",0,1,0.146958,0,383
"GLDN",0,1,0.14685,0,383.5
"CNTNAP4",0,1,0.14685,0,383.5
"CAP2",0,1,0.146634,0,384
"STXBP6",0,1,0.144686,0,385.25
"GAD1",0,1,0.144686,0,385.25
"SYP",0,1,0.144686,0,385.25
"PACC1",0,1,0.143921,0,386
"CEMIP",0,1,0.143783,0,386.25
"BMP8A",0,1,0.14191,0,386.5
"KCP",0,1,0.14191,0,386.5
"LCN2",0,1,0.141842,0,387
"SHC3",0,1,0.139692,0,388
"GPR158",0,1,0.139562,0,388.25
"MATN3",0,1,0.138882,0,388.75
"PYCR3",0,1,0.138722,0,389
"SPSB2",0,1,0.13552,0,390
"GLA",0,1,0.133141,0,390.25
"LPL",0,1,0.133141,0,390.25
"DLG5",0,1,0.131648,0,390.75
"DLX6",0,1,0.129935,0,391.25
"BCAN",0,1,0.122021,0,391.5
"CPNE7",0,1,0.116018,0,391.75
